{
  "accuracy": 0.5666666666666667,
  "f1_macro": 0.5655806182121972,
  "report": "              precision    recall  f1-score   support\n\n       paper       0.36      0.40      0.38        10\n        rock       1.00      1.00      1.00        10\n    scissors       0.33      0.30      0.32        10\n\n    accuracy                           0.57        30\n   macro avg       0.57      0.57      0.57        30\nweighted avg       0.57      0.57      0.57        30\n",
  "confusion_matrix": [
    [
      4,
      0,
      6
    ],
    [
      0,
      10,
      0
    ],
    [
      7,
      0,
      3
    ]
  ],
  "class_labels": [
    "paper",
    "rock",
    "scissors"
  ],
  "per_class_f1": {
    "paper": 0.38095238095238093,
    "rock": 1.0,
    "scissors": 0.3157894736842105
  },
  "feature_importances_top20": {
    "elec_7_mean": 0.06020490210502638,
    "summary_invalid_count": 0.04183763164170275,
    "global_kurtosis": 0.04178736151286868,
    "summary_ds_min": 0.03852891223300145,
    "q3_ulnar_absmax": 0.03852486394928311,
    "summary_retry_count": 0.034937340553949765,
    "q0_dorsal_absmax": 0.03144250918093551,
    "q2_ventral_mean": 0.03125167535887364,
    "elec_4_mean": 0.030860043189279703,
    "ring_inner_std": 0.030286304850194762,
    "ring_outer_mean": 0.029423944685042402,
    "global_skew": 0.02839490063258343,
    "summary_valid_count": 0.02667677279302312,
    "ring_middle_mean": 0.026352709300123033,
    "summary_ds_max": 0.026316642084188765,
    "summary_ds_abs_p98": 0.024166798886357796,
    "delta_l2": 0.02411103266895473,
    "delta_q2_mean": 0.022102343162959018,
    "elec_6_mean": 0.022073853330222416,
    "ring_middle_std": 0.020440608053730058
  }
}
