{
  "model": {
    "framework": "pytorch",
    "architecture": [
      45,
      32,
      16,
      3
    ],
    "operators": [
      "Linear",
      "ReLU"
    ],
    "parameter_count": 2051,
    "temperature": 4.957536697387695
  },
  "training": {
    "sources": [
      "/home/fermata/Development/embeded/ra8d1_eit/host/gestures/session_256_20_a_20260717_162512/features.csv",
      "/home/fermata/Development/embeded/ra8d1_eit/host/gestures/session_256_20_b_20260717_163720/features.csv"
    ],
    "expected_acquisition": {
      "samples": 256,
      "settle_ms": 20
    },
    "source_acquisition": {
      "/home/fermata/Development/embeded/ra8d1_eit/host/gestures/session_256_20_a_20260717_162512/features.csv": {
        "samples": 256,
        "settle_ms": 20,
        "rate_hz": 200000
      },
      "/home/fermata/Development/embeded/ra8d1_eit/host/gestures/session_256_20_b_20260717_163720/features.csv": {
        "samples": 256,
        "settle_ms": 20,
        "rate_hz": 200000
      }
    },
    "samples": 300,
    "groups": 20,
    "final_epochs": 60,
    "dropped_features": [
      "delta_ds_abs_p98",
      "delta_ds_max",
      "delta_ds_min",
      "delta_rel_l2"
    ]
  },
  "grouped_cross_validation": {
    "accuracy": 0.48333333333333334,
    "f1_macro": 0.48259800669127645,
    "mean_confidence": 0.39277133345603943,
    "median_confidence": 0.37407732009887695,
    "fraction_confidence_ge_0_6": 0.006666666666666667,
    "confusion_matrix": [
      [
        54,
        19,
        27
      ],
      [
        25,
        51,
        24
      ],
      [
        38,
        22,
        40
      ]
    ],
    "classification_report": {
      "paper": {
        "precision": 0.46153846153846156,
        "recall": 0.54,
        "f1-score": 0.4976958525345622,
        "support": 100.0
      },
      "rock": {
        "precision": 0.5543478260869565,
        "recall": 0.51,
        "f1-score": 0.53125,
        "support": 100.0
      },
      "scissors": {
        "precision": 0.43956043956043955,
        "recall": 0.4,
        "f1-score": 0.418848167539267,
        "support": 100.0
      },
      "accuracy": 0.48333333333333334,
      "macro avg": {
        "precision": 0.48514890906195257,
        "recall": 0.4833333333333334,
        "f1-score": 0.48259800669127645,
        "support": 300.0
      },
      "weighted avg": {
        "precision": 0.4851489090619526,
        "recall": 0.48333333333333334,
        "f1-score": 0.48259800669127645,
        "support": 300.0
      }
    },
    "folds": [
      {
        "fold": 1,
        "samples": 60,
        "groups": [
          "session_256_20_a_20260717_162512:rep0",
          "session_256_20_a_20260717_162512:rep5",
          "session_256_20_b_20260717_163720:rep2",
          "session_256_20_b_20260717_163720:rep3"
        ],
        "best_epoch": 7,
        "f1_macro": 0.5454425144747725
      },
      {
        "fold": 2,
        "samples": 60,
        "groups": [
          "session_256_20_a_20260717_162512:rep7",
          "session_256_20_a_20260717_162512:rep9",
          "session_256_20_b_20260717_163720:rep1",
          "session_256_20_b_20260717_163720:rep5"
        ],
        "best_epoch": 242,
        "f1_macro": 0.5216598267213862
      },
      {
        "fold": 3,
        "samples": 60,
        "groups": [
          "session_256_20_a_20260717_162512:rep1",
          "session_256_20_a_20260717_162512:rep3",
          "session_256_20_b_20260717_163720:rep0",
          "session_256_20_b_20260717_163720:rep9"
        ],
        "best_epoch": 60,
        "f1_macro": 0.4529807558593541
      },
      {
        "fold": 4,
        "samples": 60,
        "groups": [
          "session_256_20_a_20260717_162512:rep4",
          "session_256_20_b_20260717_163720:rep4",
          "session_256_20_b_20260717_163720:rep7",
          "session_256_20_b_20260717_163720:rep8"
        ],
        "best_epoch": 40,
        "f1_macro": 0.5125192012288786
      },
      {
        "fold": 5,
        "samples": 60,
        "groups": [
          "session_256_20_a_20260717_162512:rep2",
          "session_256_20_a_20260717_162512:rep6",
          "session_256_20_a_20260717_162512:rep8",
          "session_256_20_b_20260717_163720:rep6"
        ],
        "best_epoch": 69,
        "f1_macro": 0.3501830318690784
      }
    ],
    "temperature": 4.957536697387695
  },
  "candidate_models": [
    {
      "hidden": [
        32,
        16
      ],
      "f1_macro": 0.48259800669127645,
      "metrics": {
        "accuracy": 0.48333333333333334,
        "f1_macro": 0.48259800669127645,
        "mean_confidence": 0.39277133345603943,
        "median_confidence": 0.37407732009887695,
        "fraction_confidence_ge_0_6": 0.006666666666666667,
        "confusion_matrix": [
          [
            54,
            19,
            27
          ],
          [
            25,
            51,
            24
          ],
          [
            38,
            22,
            40
          ]
        ],
        "classification_report": {
          "paper": {
            "precision": 0.46153846153846156,
            "recall": 0.54,
            "f1-score": 0.4976958525345622,
            "support": 100.0
          },
          "rock": {
            "precision": 0.5543478260869565,
            "recall": 0.51,
            "f1-score": 0.53125,
            "support": 100.0
          },
          "scissors": {
            "precision": 0.43956043956043955,
            "recall": 0.4,
            "f1-score": 0.418848167539267,
            "support": 100.0
          },
          "accuracy": 0.48333333333333334,
          "macro avg": {
            "precision": 0.48514890906195257,
            "recall": 0.4833333333333334,
            "f1-score": 0.48259800669127645,
            "support": 300.0
          },
          "weighted avg": {
            "precision": 0.4851489090619526,
            "recall": 0.48333333333333334,
            "f1-score": 0.48259800669127645,
            "support": 300.0
          }
        },
        "folds": [
          {
            "fold": 1,
            "samples": 60,
            "groups": [
              "session_256_20_a_20260717_162512:rep0",
              "session_256_20_a_20260717_162512:rep5",
              "session_256_20_b_20260717_163720:rep2",
              "session_256_20_b_20260717_163720:rep3"
            ],
            "best_epoch": 7,
            "f1_macro": 0.5454425144747725
          },
          {
            "fold": 2,
            "samples": 60,
            "groups": [
              "session_256_20_a_20260717_162512:rep7",
              "session_256_20_a_20260717_162512:rep9",
              "session_256_20_b_20260717_163720:rep1",
              "session_256_20_b_20260717_163720:rep5"
            ],
            "best_epoch": 242,
            "f1_macro": 0.5216598267213862
          },
          {
            "fold": 3,
            "samples": 60,
            "groups": [
              "session_256_20_a_20260717_162512:rep1",
              "session_256_20_a_20260717_162512:rep3",
              "session_256_20_b_20260717_163720:rep0",
              "session_256_20_b_20260717_163720:rep9"
            ],
            "best_epoch": 60,
            "f1_macro": 0.4529807558593541
          },
          {
            "fold": 4,
            "samples": 60,
            "groups": [
              "session_256_20_a_20260717_162512:rep4",
              "session_256_20_b_20260717_163720:rep4",
              "session_256_20_b_20260717_163720:rep7",
              "session_256_20_b_20260717_163720:rep8"
            ],
            "best_epoch": 40,
            "f1_macro": 0.5125192012288786
          },
          {
            "fold": 5,
            "samples": 60,